slug	ra_claude	ra_flash	ra_agree	mo_claude	mo_flash	mo_agree	scene_row
110504	广场地砖／街区	建筑楼层／阶梯／日历格子	0	散步	攀爬站立观望	0	新：广场散步
110512	草原＋树林（锥＝树）	建筑群／城市街区	0	骑车穿林	骑车穿行	1	新：树林／平原
120720	公寓楼与阳台	高楼建筑和楼层平台	1	晾衣	晾晒衣物	1	新：楼房／阳台
120831	牧场丘陵	山脊／山坡／圆顶建筑	1	放牧	站立行走	0	新：牧场／田园地貌
130428	热气球	热气球	1	登篮出发	围观与准备	1	乘热气球
130603	罐内沙漠	沙漠／容器	1	牵驼穿行	牵驼前行	1	新：沙漠／驼队
130608	床垫	床铺或垫子	1	数羊失眠	仰面平躺	1	无
130616	大树（字面）	大树	1	树顶谈心	爬树远眺	1	无
130703	大楼／金库外墙	金属墙壁／建筑外墙	1	吊绳潜入	排队行走	0	新：潜入／攀墙
140208	公寓楼（图标＝家当）	高楼建筑	1	搬家	擦屏幕	0	新：搬家／高楼
140209	断层崖／台地	悬崖或台地	1	猎人仰望	指点交谈	0	新：悬崖／台地
140427	大树（切面纹理）	古树或森林	1	树下野餐	树下野餐	1	新：树下野餐／大树
140727	雪松林（多件并置）	树林或高大的柱子	1	拉雪橇	拉雪橇	1	修剪树林／列队／购物
141214	投票箱	投票箱	1	投票	投票	1	新：投票／排队投放
150103	雪地／雪丘（粉＝雪）	雪山或雪地	1	铲雪开路	驻足仰望	0	下雪／雪景
150928	满月（白圆正面受光）	满月	1	树顶相拥	相拥悬空	1	赏月／夜景
151205	画廊展品	挂画和雕塑	1	看展	观赏艺术品	1	新：看展／画廊
160319	泳池泳道（平行线）	跳水台／游泳池	1	出发台待发	准备跳水	1	游泳／跳水
160809	池塘（茶＝水面）	悬崖或高台	0	垂钓	垂钓	1	新：钓鱼／池塘
170805	树林（勺竖立＝树）	树林／树木	1	打猎	持枪行走	1	修剪树林／列队／购物
180917	清澈池塘（镜片＝水面）	水面或水下观察窗	1	划艇观鱼	划船钓鱼	0	河流／钓鱼
190526	帆船	帆船	1	新婚出航	并肩站立	0	划艇／航行
200401	泳池	泳池泳道	1	游泳	游泳晒太阳	1	游泳／跳水
210516	圆形会议桌	会议圆桌	1	开会	开会	1	新：开会／圆桌
220713	火焰车辙（电影）	燃烧熔岩地面	0	从火痕间走来	持枪前行	1	新：电影名场面
230513	街机投篮机	篮球架和篮球场	1	投篮	投篮	1	篮球／球类场地
240808	滑板公园碗池	滑板场地或碗池	1	滑板腾空	腾空滑板	1	新：滑板／碗池
250319	看台人群	观众席看台	1	射门	踢球射门	1	新：看台／助威
250331	游戏水管	管道	1	吃薯片	举盾防御	0	新：游戏名场面
260704	云海山谷	盆地或山谷	1	观云海	排队观景	1	新：云海／山景观景
